{
    "1": {
        "baselist": {
            "write": 0.00025551899999998184,
            "read": 0.00010330600000008072
        },
        "indexlist": {
            "write": 0.0009640819999999772,
            "read": 0.00014783799999995573
        }
    },
    "1.5": {
        "baselist": {
            "write": 0.0006016690000000269,
            "read": 0.0001716510000000504
        },
        "indexlist": {
            "write": 0.002627220000000041,
            "read": 0.0001551750000000629
        }
    },
    "2": {
        "baselist": {
            "write": 0.001641502000000017,
            "read": 0.0003686929999999755
        },
        "indexlist": {
            "write": 0.00789952599999999,
            "read": 0.00014203200000006966
        }
    },
    "2.5": {
        "baselist": {
            "write": 0.005002759999999995,
            "read": 0.0009422030000000303
        },
        "indexlist": {
            "write": 0.02783671099999996,
            "read": 0.00016176700000003486
        }
    },
    "3": {
        "baselist": {
            "write": 0.014980040999999944,
            "read": 0.00272267100000001
        },
        "indexlist": {
            "write": 0.12489187000000002,
            "read": 0.00022436199999997797
        }
    },
    "3.5": {
        "baselist": {
            "write": 0.04565638000000005,
            "read": 0.00833031399999995
        },
        "indexlist": {
            "write": 0.7650844449999998,
            "read": 0.0003039179999999586
        }
    },
    "4": {
        "baselist": {
            "write": 0.14629563699999992,
            "read": 0.027415571000000583
        },
        "indexlist": {
            "write": 6.117146901,
            "read": 0.0001888159999996475
        }
    }
}