{
    "1": {
        "baselist": {
            "write": 0.00021114800000004985,
            "read": 0.00015333200000000602
        },
        "indexlist": {
            "write": 0.0007455919999999616,
            "read": 0.0003061109999999978
        }
    },
    "1.5": {
        "baselist": {
            "write": 0.0005330849999999887,
            "read": 0.00018368000000001938
        },
        "indexlist": {
            "write": 0.002137056000000026,
            "read": 0.00034947800000001417
        }
    },
    "2": {
        "baselist": {
            "write": 0.0015718259999999984,
            "read": 0.0003847260000000019
        },
        "indexlist": {
            "write": 0.007691789000000004,
            "read": 0.0006650360000000077
        }
    },
    "2.5": {
        "baselist": {
            "write": 0.004622822999999998,
            "read": 0.0010385780000000122
        },
        "indexlist": {
            "write": 0.022181969999999995,
            "read": 0.001604525999999995
        }
    },
    "3": {
        "baselist": {
            "write": 0.016872105999999998,
            "read": 0.0028795600000000032
        },
        "indexlist": {
            "write": 0.06791815099999993,
            "read": 0.004262843000000016
        }
    },
    "3.5": {
        "baselist": {
            "write": 0.04883512899999998,
            "read": 0.011610637999999951
        },
        "indexlist": {
            "write": 0.20209212599999993,
            "read": 0.012605246999999986
        }
    },
    "4": {
        "baselist": {
            "write": 0.14806367799999998,
            "read": 0.030983535999999923
        },
        "indexlist": {
            "write": 0.6453666880000001,
            "read": 0.043069076000000095
        }
    },
    "4.5": {
        "baselist": {
            "write": 0.4531621819999998,
            "read": 0.09233789800000025
        },
        "indexlist": {
            "write": 2.2658434319999996,
            "read": 0.1271593399999995
        }
    },
    "5": {
        "baselist": {
            "write": 1.4588669950000002,
            "read": 0.3001316280000008
        },
        "indexlist": {
            "write": 7.549792622,
            "read": 0.4166682970000011
        }
    }
}