{
    "1": {
        "baselist": {
            "write": 0.0001959120000000203,
            "read": 0.0001289010000000701
        },
        "indexlist": {
            "write": 0.0008048210000000111,
            "read": 0.0001874530000000041
        }
    },
    "1.5": {
        "baselist": {
            "write": 0.0005103610000000147,
            "read": 0.0001890450000000543
        },
        "indexlist": {
            "write": 0.002168183999999962,
            "read": 0.00019946400000003806
        }
    },
    "2": {
        "baselist": {
            "write": 0.0015756380000000458,
            "read": 0.00038929100000006933
        },
        "indexlist": {
            "write": 0.0068210560000000475,
            "read": 0.00019782600000006756
        }
    },
    "2.5": {
        "baselist": {
            "write": 0.00454429199999995,
            "read": 0.0009273050000000449
        },
        "indexlist": {
            "write": 0.021756149999999974,
            "read": 0.00031218799999999103
        }
    },
    "3": {
        "baselist": {
            "write": 0.014913810999999999,
            "read": 0.0027839939999999563
        },
        "indexlist": {
            "write": 0.071905534,
            "read": 0.000245284999999984
        }
    },
    "3.5": {
        "baselist": {
            "write": 0.04520492499999995,
            "read": 0.009710907000000102
        },
        "indexlist": {
            "write": 0.22468035799999986,
            "read": 0.00024722099999996416
        }
    },
    "4": {
        "baselist": {
            "write": 0.14548970699999986,
            "read": 0.027374769000000132
        },
        "indexlist": {
            "write": 0.706113776,
            "read": 0.0002754610000001989
        }
    },
    "4.5": {
        "baselist": {
            "write": 0.4529166390000001,
            "read": 0.08734397100000013
        },
        "indexlist": {
            "write": 2.3631068140000004,
            "read": 0.0002863099999999008
        }
    },
    "5": {
        "baselist": {
            "write": 1.4603682999999998,
            "read": 0.28240544799999867
        },
        "indexlist": {
            "write": 8.062653192,
            "read": 0.000299121000001179
        }
    }
}