{
    "1": {
        "baselist": {
            "write": 2.3003499999979526e-06,
            "read": 9.383499999987555e-07
        },
        "indexlist": {
            "write": 8.330500000000574e-06,
            "read": 1.362499999998934e-06
        }
    },
    "1.25": {
        "baselist": {
            "write": 3.2103500000019157e-06,
            "read": 1.1083000000022824e-06
        },
        "indexlist": {
            "write": 1.353505000000199e-05,
            "read": 1.3881500000006986e-06
        }
    },
    "1.5": {
        "baselist": {
            "write": 5.406449999997842e-06,
            "read": 1.4813000000002407e-06
        },
        "indexlist": {
            "write": 2.3899599999999133e-05,
            "read": 1.4312999999988029e-06
        }
    },
    "1.75": {
        "baselist": {
            "write": 8.656149999999863e-06,
            "read": 2.157399999999643e-06
        },
        "indexlist": {
            "write": 4.079310000000003e-05,
            "read": 1.4163499999997332e-06
        }
    },
    "2": {
        "baselist": {
            "write": 1.5094250000000087e-05,
            "read": 3.599899999998102e-06
        },
        "indexlist": {
            "write": 7.639274999999834e-05,
            "read": 1.4593500000020797e-06
        }
    },
    "2.25": {
        "baselist": {
            "write": 2.8048050000001325e-05,
            "read": 5.516600000002314e-06
        },
        "indexlist": {
            "write": 0.0001416554999999986,
            "read": 1.5114499999996368e-06
        }
    },
    "2.5": {
        "baselist": {
            "write": 4.5619899999999045e-05,
            "read": 9.381650000001018e-06
        },
        "indexlist": {
            "write": 0.0002787419499999999,
            "read": 1.625850000000484e-06
        }
    },
    "2.75": {
        "baselist": {
            "write": 8.869500000000252e-05,
            "read": 1.5321649999999742e-05
        },
        "indexlist": {
            "write": 0.0005539277999999981,
            "read": 1.6482500000025712e-06
        }
    },
    "3": {
        "baselist": {
            "write": 0.00015309309999999855,
            "read": 2.701810000000082e-05
        },
        "indexlist": {
            "write": 0.0012273926000000018,
            "read": 1.7001500000002335e-06
        }
    },
    "3.25": {
        "baselist": {
            "write": 0.00027011645000000193,
            "read": 4.7326149999998846e-05
        },
        "indexlist": {
            "write": 0.0029460720500000008,
            "read": 1.7121499999994683e-06
        }
    },
    "3.5": {
        "baselist": {
            "write": 0.0004752015499999984,
            "read": 8.481595000000009e-05
        },
        "indexlist": {
            "write": 0.007673185699999996,
            "read": 1.7798000000013304e-06
        }
    },
    "3.75": {
        "baselist": {
            "write": 0.0008646339000000003,
            "read": 0.00015177000000000663
        },
        "indexlist": {
            "write": 0.021810256499999996,
            "read": 1.8047999999937225e-06
        }
    },
    "4": {
        "baselist": {
            "write": 0.001535221549999999,
            "read": 0.00027090280000001686
        },
        "indexlist": {
            "write": 0.061180378800000004,
            "read": 1.866899999991567e-06
        }
    }
}