{
    "1": {
        "baselist": {
            "write": 0.0003016779999999164,
            "read": 0.0001228429999999836
        },
        "indexlist": {
            "write": 0.0011373020000000622,
            "read": 0.00016088300000005606
        }
    },
    "1.5": {
        "baselist": {
            "write": 0.0007251940000000401,
            "read": 0.00020511099999998006
        },
        "indexlist": {
            "write": 0.0031069249999999826,
            "read": 0.00017281000000002322
        }
    },
    "2": {
        "baselist": {
            "write": 0.0019020629999999539,
            "read": 0.0003658380000000072
        },
        "indexlist": {
            "write": 0.008964087999999926,
            "read": 0.0001316000000000095
        }
    },
    "2.5": {
        "baselist": {
            "write": 0.004893621999999986,
            "read": 0.0008932750000000267
        },
        "indexlist": {
            "write": 0.027707353000000046,
            "read": 0.00014886699999994146
        }
    },
    "3": {
        "baselist": {
            "write": 0.014771297999999988,
            "read": 0.002750993000000035
        },
        "indexlist": {
            "write": 0.12712130499999996,
            "read": 0.00016775999999996127
        }
    },
    "3.5": {
        "baselist": {
            "write": 0.04707152400000003,
            "read": 0.008504829000000047
        },
        "indexlist": {
            "write": 0.7737776120000001,
            "read": 0.00018408499999988948
        }
    },
    "4": {
        "baselist": {
            "write": 0.14221382500000002,
            "read": 0.027482927999999518
        },
        "indexlist": {
            "write": 6.135222781,
            "read": 0.00022090399999896704
        }
    }
}